Post,Date,Time,Timezone,Image,Caption
1,2026-10-05,09:00,Africa/Casablanca,images/post-01.png,"Running a business is hard enough. Your numbers shouldn't be the confusing part. ☁️

CloudsCFO gives growing businesses:
✅ Clean, up-to-date books
✅ Monthly reports you actually understand
✅ Cash-flow visibility before problems hit
✅ A finance partner for the big decisions

CFO-level expertise, on a flexible cloud-based model.

Follow the page for practical finance tips every week 👇

#CloudsCFO #SmallBusiness #FractionalCFO #CloudAccounting #Entrepreneurs"
2,2026-10-05,18:00,Africa/Casablanca,images/post-02.png,"5 numbers. 15 minutes a month. Full control of your business. 📊

1️⃣ Cash & runway: how many months can you operate?
2️⃣ Gross margin: is your pricing covering your costs?
3️⃣ Receivables (DSO): how fast do clients really pay?
4️⃣ Fixed costs: what you spend even with zero sales
5️⃣ Profit vs. budget: on track, or drifting?

Which one do you check the least? Be honest 😅

💾 Save this post for your next monthly review.

#CloudsCFO #CFOTips #KPIs #BusinessFinance #SME"
3,2026-10-06,12:30,Africa/Casablanca,images/post-03.png,"""I'm too small to need a CFO."" 🤔

We hear it all the time. But it's the opposite: the smaller the business, the less room there is for a bad pricing decision, an unpaid invoice or a cash crunch.

You don't need a full-time CFO. You need CFO thinking, at the right size and the right price.

That's exactly what CloudsCFO does. ☁️

Agree or disagree? Tell us in the comments 👇

#CloudsCFO #MythVsFact #FractionalCFO #SmallBusiness"
4,2026-10-07,09:00,Africa/Casablanca,images/post-04.png,"Profitable on paper… but struggling to pay salaries at month-end? 😬

That's the gap between profit and cash:
💼 Profit = what you earned
💧 Cash = what you can actually spend today

Unpaid invoices, stock and payment timing can make a profitable business run out of cash.

The fix: track both, every month, with a simple cash forecast.

Tag a business owner who needs to see this 👇

#CloudsCFO #CashFlow #CashIsKing #BusinessTips"
5,2026-10-07,18:00,Africa/Casablanca,images/post-05.png,"A clean month-end close = decisions based on facts, not guesses. ✅

Our 5-step routine:
1. Reconcile all bank accounts
2. Record every invoice and bill
3. Review receivables and chase overdue payments
4. Book accruals, payroll and depreciation
5. Produce your P&L, balance sheet and cash report

Too much on your plate? CloudsCFO can run it for you, every month. ☁️

💾 Save this checklist.

#CloudsCFO #MonthEndClose #Bookkeeping #Accounting"
6,2026-10-08,12:30,Africa/Casablanca,images/post-06.png,"Quick poll ⏱️ How fast do your clients pay you?

A. Under 30 days
B. 30–60 days
C. 60–90 days
D. 90+ days

Comment your letter 👇 We'll share our best tips to get paid faster in an upcoming post.

#CloudsCFO #Receivables #CashFlow #SmallBusiness"
7,2026-10-09,09:00,Africa/Casablanca,images/post-07.png,"What can CloudsCFO do for your business? ☁️

📒 Bookkeeping: clean books, always up to date
📊 Monthly reporting: clear numbers, no jargon
💧 Cash-flow forecasting: see problems before they hit
🎯 Budgeting & KPIs: targets you can track
🗓️ Tax & compliance support: deadlines tracked, files ready
🧭 Financial strategy: a partner for big decisions

One team. One monthly fee. Zero headaches.

📩 Send us a message to get started.

#CloudsCFO #FractionalCFO #OutsourcedAccounting #CloudAccounting"
8,2026-10-09,18:00,Africa/Casablanca,images/post-08.png,"You can't grow what you don't measure. 📈

Every good business decision starts with knowing your numbers: margins, cash, costs, trends.

Have a great weekend from the CloudsCFO team ☀️

#CloudsCFO #FridayThoughts #Growth #Entrepreneurship"
9,2026-10-10,11:00,Africa/Casablanca,images/post-09.png,"Q4 is here. Don't wait until December 31st. 🗓️

4 moves to make now:
1️⃣ Clean up receivables: chase overdue invoices before year-end
2️⃣ Review expenses: cut what doesn't pay off
3️⃣ Plan your tax position: no year-end surprises
4️⃣ Build your 2027 budget: set targets while there's still time

Need help with any of these? CloudsCFO is here. ☁️

💾 Save for later.

#CloudsCFO #Q4 #YearEnd #Budget2027 #TaxPlanning"
10,2026-10-11,19:00,Africa/Casablanca,images/post-10.png,"🎁 FREE: 30-minute financial health check

We'll look at your numbers with you and point out 3 quick wins for your cash, margins and reporting.

✔️ No commitment
✔️ 100% online
✔️ Clear, practical advice

👉 Send us a message with the word ""CHECK"" to book your slot.
📧 souhayl.abdellah@gmail.com

#CloudsCFO #FreeConsultation #SmallBusiness #FractionalCFO"
