Post,Date,Heure,Fuseau,Image,Légende
1,2026-10-05,09:00,Africa/Casablanca,images_fr/post-01.png,"Gérer une entreprise, c'est déjà assez prenant. Vos chiffres ne devraient pas être un casse-tête. ☁️

CloudsCFO accompagne les entreprises en croissance avec :
✅ Une comptabilité propre et à jour
✅ Des reportings mensuels clairs
✅ Une vision de votre trésorerie avant les problèmes
✅ Un partenaire financier pour vos grandes décisions

L'expertise d'un DAF, dans un modèle flexible et 100 % cloud.

Suivez la page pour des conseils finance chaque semaine 👇
🌐 cloudscfo.com

#CloudsCFO #PME #DAFexterne #ComptabilitéEnLigne #Entrepreneurs"
2,2026-10-05,18:00,Africa/Casablanca,images_fr/post-02.png,"5 chiffres. 15 minutes par mois. Le contrôle total de votre entreprise. 📊

1️⃣ Trésorerie & autonomie : combien de mois pouvez-vous tenir ?
2️⃣ Marge brute : vos prix couvrent-ils vos coûts ?
3️⃣ Créances clients (DSO) : en combien de jours êtes-vous payé ?
4️⃣ Charges fixes : ce que vous dépensez même sans ventes
5️⃣ Résultat vs budget : êtes-vous sur la bonne trajectoire ?

Lequel suivez-vous le moins ? Soyez honnête 😅

💾 Enregistrez ce post pour votre prochaine revue mensuelle.
🌐 cloudscfo.com

#CloudsCFO #ConseilDAF #Indicateurs #GestionFinancière #PME"
3,2026-10-06,12:30,Africa/Casablanca,images_fr/post-03.png,"« Je suis trop petit pour avoir besoin d'un DAF. » 🤔

On l'entend souvent. Pourtant, c'est l'inverse : plus l'entreprise est petite, moins elle a droit à l'erreur. Une mauvaise décision de prix, une facture impayée ou une tension de trésorerie coûtent cher.

Vous n'avez pas besoin d'un DAF à temps plein. Vous avez besoin d'une vision financière, adaptée à votre taille et à votre budget.

C'est exactement ce que fait CloudsCFO. ☁️

D'accord ou pas ? Dites-le-nous en commentaire 👇
🌐 cloudscfo.com

#CloudsCFO #MytheOuRéalité #DAFàTempsPartagé #PME"
4,2026-10-07,09:00,Africa/Casablanca,images_fr/post-04.png,"Rentable sur le papier… mais difficile de payer les salaires en fin de mois ? 😬

C'est l'écart entre bénéfice et trésorerie :
💼 Bénéfice = ce que vous avez gagné
💧 Trésorerie = ce que vous pouvez dépenser aujourd'hui

Factures impayées, stocks et délais de paiement peuvent mettre une entreprise rentable à court de cash.

La solution : suivre les deux, chaque mois, avec un prévisionnel de trésorerie simple.

Identifiez un dirigeant qui devrait voir ça 👇
🌐 cloudscfo.com

#CloudsCFO #Trésorerie #CashFlow #ConseilsEntreprise"
5,2026-10-07,18:00,Africa/Casablanca,images_fr/post-05.png,"Une clôture mensuelle propre = des décisions basées sur des faits, pas des suppositions. ✅

Notre routine en 5 étapes :
1. Rapprocher tous les comptes bancaires
2. Enregistrer toutes les factures de ventes et d'achats
3. Suivre les créances et relancer les retards
4. Passer la paie, les provisions et les amortissements
5. Éditer le compte de résultat, le bilan et la trésorerie

Pas le temps ? CloudsCFO s'en charge pour vous, chaque mois. ☁️

💾 Enregistrez cette check-list.
🌐 cloudscfo.com

#CloudsCFO #ClôtureMensuelle #Comptabilité #Gestion"
6,2026-10-08,12:30,Africa/Casablanca,images_fr/post-06.png,"Petit sondage ⏱️ En combien de temps vos clients vous paient-ils ?

A. Moins de 30 jours
B. 30 à 60 jours
C. 60 à 90 jours
D. Plus de 90 jours

Répondez avec votre lettre en commentaire 👇 Nous partagerons nos meilleures astuces pour être payé plus vite dans un prochain post.
🌐 cloudscfo.com

#CloudsCFO #CréancesClients #Trésorerie #PME"
7,2026-10-09,09:00,Africa/Casablanca,images_fr/post-07.png,"Que peut faire CloudsCFO pour votre entreprise ? ☁️

📒 Comptabilité : des comptes propres et à jour
📊 Reporting mensuel : des chiffres clairs, sans jargon
💧 Prévisions de trésorerie : anticipez avant les problèmes
🎯 Budget & indicateurs : des objectifs mesurables
🗓️ Accompagnement fiscal : échéances suivies, dossiers prêts
🧭 Stratégie financière : un partenaire pour vos décisions

Une équipe. Un forfait mensuel. Zéro prise de tête.

📩 Envoyez-nous un message pour démarrer.
🌐 cloudscfo.com

#CloudsCFO #DAFexterne #ExternalisationComptable #ComptabilitéEnLigne"
8,2026-10-09,18:00,Africa/Casablanca,images_fr/post-08.png,"On ne fait pas grandir ce qu'on ne mesure pas. 📈

Toute bonne décision commence par la connaissance de vos chiffres : marges, trésorerie, charges, tendances.

Bon week-end de la part de l'équipe CloudsCFO ☀️
🌐 cloudscfo.com

#CloudsCFO #PenséeDuVendredi #Croissance #Entrepreneuriat"
9,2026-10-10,11:00,Africa/Casablanca,images_fr/post-09.png,"Le T4 est là. N'attendez pas le 31 décembre. 🗓️

4 actions à lancer dès maintenant :
1️⃣ Assainir vos créances : relancez les impayés avant la clôture
2️⃣ Revoir vos dépenses : supprimez ce qui ne rapporte pas
3️⃣ Anticiper votre fiscalité : pas de mauvaise surprise en fin d'année
4️⃣ Préparer le budget 2027 : fixez vos objectifs tant qu'il est temps

Besoin d'aide sur l'un de ces points ? CloudsCFO est là. ☁️

💾 À garder sous la main.
🌐 cloudscfo.com

#CloudsCFO #T4 #ClôtureAnnuelle #Budget2027 #Fiscalité"
10,2026-10-11,19:00,Africa/Casablanca,images_fr/post-10.png,"🎁 OFFERT : bilan de santé financière de 30 minutes

Nous analysons vos chiffres avec vous et identifions 3 leviers rapides pour votre trésorerie, vos marges et votre reporting.

✔️ Sans engagement
✔️ 100 % en ligne
✔️ Des conseils clairs et concrets

👉 Envoyez-nous le mot « BILAN » en message privé pour réserver votre créneau.
🌐 cloudscfo.com

#CloudsCFO #ConsultationGratuite #PME #DAFexterne"
